<?xml version="1.0"?>

<JoramAdmin>
  
  <AdminModule>
    <connect host="localhost" port="16011"
             name="root" password="root"/>
  </AdminModule>
  
  <InitialContext>
    <property name="java.naming.factory.initial"
              value="fr.dyade.aaa.jndi2.client.NamingContextFactory"/>
    <property name="java.naming.factory.host" value="localhost"/>
    <property name="java.naming.factory.port" value="16400"/>
  </InitialContext>

  <ConnectionFactory className="org.objectweb.joram.client.jms.tcp.TcpConnectionFactory">
    <tcp host="localhost"
         port="16011"/>
    <jndi name="bridgeCF"/>
  </ConnectionFactory>
  
  <User name="anonymous" password="anonymous"/>

  <Queue name="bridgeQueue" serverId="1"
         className="org.objectweb.joram.mom.dest.DistributionQueue">
    <property name="jms.DestinationName" value="queue"/>
    <property name="distribution.className" value="org.objectweb.joram.mom.dest.jms.JMSDistribution"/>
  
    <freeWriter/>
    
    <jndi name="bridgeQueue"/>
  </Queue>
  
  <Topic name="bridgeTopic" serverId="1"
         className="org.objectweb.joram.mom.dest.AcquisitionTopic">
    <property name="jms.DestinationName" value="topic"/>
    <property name="acquisition.className" value="org.objectweb.joram.mom.dest.jms.JMSAcquisition"/>
  
    <freeReader/>
    <freeWriter/>
    
    <jndi name="bridgeTopic"/>
  </Topic>
  
</JoramAdmin>
