<?xml version="1.0"?>

<JoramAdmin>
  <AdminModule>
    <connect host="localhost" port="16010"
             name="root" password="root"/>
  </AdminModule>
  
  <InitialContext>
    <property name="java.naming.factory.initial" value="fr.dyade.aaa.jndi2.client.NamingContextFactory"/>
    <property name="java.naming.factory.host" value="localhost"/>
    <property name="java.naming.factory.port" value="16400"/>
  </InitialContext>

  <User name="anonymous" password="anonymous"/>

  <ConnectionFactory className="org.objectweb.joram.client.jms.tcp.TcpConnectionFactory">
    <tcp host="localhost" port="16010"/>
    <jndi name="cf"/>
  </ConnectionFactory>

  <DMQueue name="dmq">
    <freeReader/>
    <freeWriter/>
    <jndi name="dmq"/>
  </DMQueue>

  <Queue name="queue1" dmq="dmq" threshold="2">
    <freeReader/>
    <freeWriter/>
    <jndi name="queue1"/>
  </Queue>

  <Queue name="queue2" dmq="dmq">
    <jndi name="queue2"/>
  </Queue>

</JoramAdmin>
