<?xml version="1.0"?>
<config>
  <domain name="D1" network="fr.dyade.aaa.agent.PoolNetwork"/>

  <property name="Transaction" value="fr.dyade.aaa.util.NTransaction"/>

  <server id="0" name="S0" hostname="localhost">
    <network domain="D1" port="16301"/>
    <service class="org.objectweb.joram.mom.proxies.ConnectionManager"
             args="root root"/>
    <service class="org.objectweb.joram.mom.proxies.tcp.TcpProxyService" 
             args="16010"/>
    <service class="fr.dyade.aaa.jndi2.server.JndiServer" args="16400"/>
  </server>

  <server id="1" name="S1" hostname="localhost">
    <network domain="D1" port="16302"/>
    <service class="org.objectweb.joram.mom.proxies.ConnectionManager"
             args="root root"/>
    <service class="org.objectweb.joram.mom.proxies.tcp.TcpProxyService" 
             args="16011"/>
  </server>

  <server id="2" name="S2" hostname="localhost">
    <network domain="D1" port="16303"/>
    <service class="org.objectweb.joram.mom.proxies.ConnectionManager"
             args="root root"/>
    <service class="org.objectweb.joram.mom.proxies.tcp.TcpProxyService" 
             args="16012"/>
  </server>
</config>
