<?xml version="1.0"?>

<config>
  <property name="Transaction" value="fr.dyade.aaa.util.NullTransaction"/>
  <property name="java.security.auth.login.config" value="./jaas.config"/>
  <property name="joram.security.jaas.entryName" value="remote"/>
  <property name="joram.security.jaas.keystoreFile" value="./keystore"/>
  <property name="joram.security.jaas.keystorePass" value="keystorepass"/>
  <property name="joram.security.jaas.alias" value="OW"/>
  <!-- property name="joram.security.jaas.unsortRoles" value="true"/ -->


  <server id="0" name="S0" hostname="localhost">
    <service class="org.objectweb.joram.mom.proxies.ConnectionManager"
             args="org.objectweb.joram.shared.security.jaas.JonasIdentity:root"/>
    <service class="org.objectweb.joram.mom.proxies.tcp.TcpProxyService" 
             args="16010"/>
    <service class="fr.dyade.aaa.jndi2.server.JndiServer" args="16400"/>
  </server>
</config>
