<?xml version="1.0"?>

<JoramAdmin>
  
  <AdminModule>
    <connect host="localhost"
             port="16010"
             name="root"
             password="root"
             identityClass="org.objectweb.joram.shared.security.jaas.JonasIdentity"/>
  </AdminModule>
  
  <InitialContext>
    <property name="java.naming.factory.initial"
              value="fr.dyade.aaa.jndi2.client.NamingContextFactory"/>
    <property name="java.naming.factory.host" value="localhost"/>
    <property name="java.naming.factory.port" value="16400"/>
  </InitialContext>

  <ConnectionFactory className="org.objectweb.joram.client.jms.tcp.TcpConnectionFactory" 
                     identityClass="org.objectweb.joram.shared.security.jaas.JonasIdentity">
    <tcp host="localhost"
         port="16010"/>
    <jndi name="cf"/>
  </ConnectionFactory>
  
  <ConnectionFactory className="org.objectweb.joram.client.jms.tcp.QueueTcpConnectionFactory"
                     identityClass="org.objectweb.joram.shared.security.jaas.JonasIdentity">
    <tcp host="localhost"
         port="16010"/>
    <jndi name="qcf"/>
  </ConnectionFactory>
  
  <User name="anonymous"
        identityClass="org.objectweb.joram.shared.security.jaas.JonasIdentity"/>

  <Queue name="queue">
    <reader user="anonymous"/>
    <writer user="anonymous"/>
    <jndi name="queue"/>
  </Queue>

</JoramAdmin>
