<?xml version="1.0"?>

<JoramAdmin>
  <AdminModule>
    <connect host="localhost" port="16010" name="root" password="root"/>
  </AdminModule>
    
  <InitialContext>
    <property name="java.naming.factory.initial" value="fr.dyade.aaa.jndi2.client.NamingContextFactory"/>
    <property name="java.naming.factory.host" value="localhost"/>
    <property name="java.naming.factory.port" value="16400"/>
  </InitialContext>

  <ConnectionFactory name="cf0">
    <tcp host="localhost" port="16010"/>
    <jndi name="cf0"/>
  </ConnectionFactory>
  
  <ConnectionFactory name="cf1">
    <tcp host="localhost" port="16011"/>
    <jndi name="cf1"/>
  </ConnectionFactory>
  
  <ConnectionFactory name="cf2">
    <tcp host="localhost" port="16012"/>
    <jndi name="cf2"/>
  </ConnectionFactory>
  
  <User name="user0" login="anonymous" password="anonymous" serverId="0"/>
  <User name="user1" login="anonymous" password="anonymous" serverId="1"/>
  <User name="user2" login="anonymous" password="anonymous" serverId="2"/>
  
  <Queue name="queue0" serverId="0"
         className="org.objectweb.joram.mom.dest.ClusterQueue">
    <freeReader/>
    <freeWriter/>
    <property name="period" value="100"/>
    <property name="producThreshold" value="25"/>
    <property name="consumThreshold" value="2"/>
    <property name="autoEvalThreshold" value="true"/>
    <property name="waitAfterClusterReq" value="100"/>
    <jndi name="queue0"/>
  </Queue>

  <Queue name="queue1" serverId="1"
         className="org.objectweb.joram.mom.dest.ClusterQueue">
    <freeReader/>
    <freeWriter/>
    <property name="period" value="100"/>
    <property name="producThreshold" value="25"/>
    <property name="consumThreshold" value="2"/>
    <property name="autoEvalThreshold" value="true"/>
    <property name="waitAfterClusterReq" value="100"/>
    <jndi name="queue1"/>
  </Queue>

  <Queue name="queue2" serverId="2"
         className="org.objectweb.joram.mom.dest.ClusterQueue">
    <freeReader/>
    <freeWriter/>
    <property name="period" value="100"/>
    <property name="producThreshold" value="25"/>
    <property name="consumThreshold" value="2"/>
    <property name="autoEvalThreshold" value="true"/>
    <property name="waitAfterClusterReq" value="100"/>
    <jndi name="queue2"/>
  </Queue>

  <ClusterCF>
    <ClusterElement name="cf0" location="server0"/>
    <ClusterElement name="cf1" location="server1"/>
    <ClusterElement name="cf2" location="server2"/>
    <jndi name="clusterCF"/>
  </ClusterCF>

  <ClusterQueue>
    <ClusterElement name="queue0" location="server0"/>
    <ClusterElement name="queue1" location="server1"/>
    <ClusterElement name="queue2" location="server2"/>
    <jndi name="clusterQueue"/>
  </ClusterQueue>
  
</JoramAdmin>
